foto,nome,profissao,email,telefone,perfil,estado
https://avatars.githubusercontent.com/u/47312470,Dalton Moraes,Associado,dalton.moraes82@example.org,(81) 5941-9123,dalton.moraes39,Acre
https://avatars.githubusercontent.com/u/9955149,Dalton Saraiva,Planejador,dalton.saraiva@example.net,+55 (83) 6572-7104,dalton.saraiva,Mato Grosso
https://avatars.githubusercontent.com/u/94269094,Dalton Reis,Diretor,dalton.reis@example.net,(12) 3729-2992,dalton.reis,PiauÌ
https://cloudflare-ipfs.com/ipfs/Qmd3W5DuhgHirLHGVixi6V76LhCkZUz6pnFt5AJBiyvHye/avatar/569.jpg,Dalton Franco,Policial,dalton.franco45@example.net,+55 (90) 2104-9496,dalton_franco,Paran·
https://cloudflare-ipfs.com/ipfs/Qmd3W5DuhgHirLHGVixi6V76LhCkZUz6pnFt5AJBiyvHye/avatar/165.jpg,Dalton Melo,Gerente,dalton_melo21@example.net,(54) 2970-1884,dalton.melo,Amap·
https://avatars.githubusercontent.com/u/50019022,Dalton Xavier,Coordenador,dalton_xavier70@example.com,+55 (56) 6735-9954,dalton_xavier24,Pernambuco
https://avatars.githubusercontent.com/u/8273404,Dalton Martins,Agente,dalton.martins64@example.net,(13) 9179-1262,dalton_martins88,Paran·
https://avatars.githubusercontent.com/u/74179068,Dalton Santos,Analista,dalton_santos@example.net,(04) 3449-0039,dalton.santos,Roraima
https://avatars.githubusercontent.com/u/73213101,Dalton Braga,Assistente,dalton_braga66@example.org,+55 (45) 5930-4478,dalton_braga89,Sergipe
https://avatars.githubusercontent.com/u/56624100,Srta. Dalton Batista,Executivo,dalton.batista8@example.com,+55 (62) 2336-3177,dalton.batista,Alagoas
https://cloudflare-ipfs.com/ipfs/Qmd3W5DuhgHirLHGVixi6V76LhCkZUz6pnFt5AJBiyvHye/avatar/1043.jpg,Ana Xavier Filho,Planejador,ana.xavier78@example.org,+55 (41) 0725-7979,ana_xavier64,PiauÌ
https://cloudflare-ipfs.com/ipfs/Qmd3W5DuhgHirLHGVixi6V76LhCkZUz6pnFt5AJBiyvHye/avatar/113.jpg,Ana Franco,Especialista,ana.franco@example.com,(03) 7510-5112,ana_franco,EspÌrito Santo
https://cloudflare-ipfs.com/ipfs/Qmd3W5DuhgHirLHGVixi6V76LhCkZUz6pnFt5AJBiyvHye/avatar/447.jpg,Ana Reis,Supervisor,ana_reis29@example.com,(34) 5296-5057,ana.reis58,Bahia
https://cloudflare-ipfs.com/ipfs/Qmd3W5DuhgHirLHGVixi6V76LhCkZUz6pnFt5AJBiyvHye/avatar/112.jpg,Ana Santos,Policial,ana_santos@example.com,(49) 80785-7050,ana_santos35,Amazonas
https://avatars.githubusercontent.com/u/59929427,Ana Albuquerque,Associado,ana_albuquerque34@example.org,(42) 0218-4874,ana_albuquerque57,Paran·
https://avatars.githubusercontent.com/u/29327349,Ana Oliveira,Administrador,ana.oliveira@example.com,(78) 61244-7529,ana_oliveira,Mato Grosso
https://cloudflare-ipfs.com/ipfs/Qmd3W5DuhgHirLHGVixi6V76LhCkZUz6pnFt5AJBiyvHye/avatar/953.jpg,Ana Santos,Executivo,ana_santos42@example.net,+55 (73) 3981-8419,ana_santos58,Rio Grande do Sul
https://avatars.githubusercontent.com/u/30550241,Ana Oliveira,Analista,ana_oliveira79@example.org,+55 (03) 0987-8948,ana_oliveira27,Tocantins
https://avatars.githubusercontent.com/u/20654836,Ana Macedo,TÈcnico,ana.macedo5@example.com,(08) 34724-4517,ana_macedo57,Acre
https://cloudflare-ipfs.com/ipfs/Qmd3W5DuhgHirLHGVixi6V76LhCkZUz6pnFt5AJBiyvHye/avatar/885.jpg,Ana Macedo Neto,Assistente,ana.macedo70@example.org,(69) 57701-0589,ana_macedo,Paran·
https://cloudflare-ipfs.com/ipfs/Qmd3W5DuhgHirLHGVixi6V76LhCkZUz6pnFt5AJBiyvHye/avatar/545.jpg,Maria Carvalho,Desenvolvedor,maria.carvalho75@example.com,+55 (33) 0184-0948,maria_carvalho36,Cear·
https://cloudflare-ipfs.com/ipfs/Qmd3W5DuhgHirLHGVixi6V76LhCkZUz6pnFt5AJBiyvHye/avatar/1237.jpg,Maria Moraes,Engenheiro,maria.moraes@example.com,+55 (98) 4229-1144,maria_moraes5,PiauÌ
https://cloudflare-ipfs.com/ipfs/Qmd3W5DuhgHirLHGVixi6V76LhCkZUz6pnFt5AJBiyvHye/avatar/746.jpg,Dra. Maria Carvalho,Executivo,maria.carvalho@example.com,(50) 00042-9135,maria_carvalho,Rio Grande do Norte
https://cloudflare-ipfs.com/ipfs/Qmd3W5DuhgHirLHGVixi6V76LhCkZUz6pnFt5AJBiyvHye/avatar/857.jpg,Maria Albuquerque,Produtor,maria.albuquerque@example.net,+55 (96) 2147-0718,maria_albuquerque,Mato Grosso do Sul
https://avatars.githubusercontent.com/u/18359766,Maria Oliveira,TÈcnico,maria_oliveira@example.com,(00) 40939-4434,maria_oliveira,Distrito Federal
https://cloudflare-ipfs.com/ipfs/Qmd3W5DuhgHirLHGVixi6V76LhCkZUz6pnFt5AJBiyvHye/avatar/1179.jpg,Maria Franco,Supervisor,maria.franco11@example.net,+55 (57) 8088-4834,maria.franco,Bahia
https://avatars.githubusercontent.com/u/16870014,Maria Braga,Gerente,maria.braga99@example.net,(99) 24553-1264,maria_braga6,Rio de Janeiro
https://avatars.githubusercontent.com/u/87358186,Maria Reis,Representante,maria.reis@example.org,(62) 1614-4163,maria.reis54,Sergipe
https://avatars.githubusercontent.com/u/78130321,Maria Nogueira,Coordenador,maria_nogueira29@example.com,(91) 25212-4432,maria.nogueira,Bahia
https://avatars.githubusercontent.com/u/37090142,Maria Carvalho,Coordenador,maria.carvalho@example.org,(06) 27496-2453,maria_carvalho33,Paran·
https://avatars.githubusercontent.com/u/45828443,Jo√£o Martins,Orquestrador,joa4jo.martins5@example.org,(45) 17399-2643,joa4jo_martins9,Sergipe
https://cloudflare-ipfs.com/ipfs/Qmd3W5DuhgHirLHGVixi6V76LhCkZUz6pnFt5AJBiyvHye/avatar/421.jpg,Jo√£o Pereira,Agente,joa4jo_pereira95@example.org,(39) 5402-0790,joa4jo.pereira9,Alagoas
https://cloudflare-ipfs.com/ipfs/Qmd3W5DuhgHirLHGVixi6V76LhCkZUz6pnFt5AJBiyvHye/avatar/938.jpg,Jo√£o Santos,Representante,joa4jo.santos16@example.com,(97) 3886-8151,joa4jo.santos,Mato Grosso do Sul
https://avatars.githubusercontent.com/u/543594,Jo√£o Moraes,Engenheiro,joa4jo_moraes@example.net,+55 (30) 5060-5933,joa4jo.moraes55,Pernambuco
https://avatars.githubusercontent.com/u/32309326,Sra. Jo√£o Albuquerque,Supervisor,joa4jo.albuquerque29@example.com,(73) 27594-4872,joa4jo_albuquerque90,Acre
https://avatars.githubusercontent.com/u/33212842,Jo√£o Albuquerque,Analista,joa4jo_albuquerque83@example.com,(82) 29310-8301,joa4jo_albuquerque98,Santa Catarina
https://cloudflare-ipfs.com/ipfs/Qmd3W5DuhgHirLHGVixi6V76LhCkZUz6pnFt5AJBiyvHye/avatar/1046.jpg,Dra. Jo√£o Xavier,Estrategista,joa4jo.xavier2@example.com,(85) 5346-6017,joa4jo.xavier,Roraima
https://cloudflare-ipfs.com/ipfs/Qmd3W5DuhgHirLHGVixi6V76LhCkZUz6pnFt5AJBiyvHye/avatar/899.jpg,Jo√£o Pereira,Orquestrador,joa4jo.pereira1@example.org,(02) 04818-0673,joa4jo_pereira,RondÙnia
https://cloudflare-ipfs.com/ipfs/Qmd3W5DuhgHirLHGVixi6V76LhCkZUz6pnFt5AJBiyvHye/avatar/422.jpg,Jo√£o Moraes Jr.,Atentende,joa4jo_moraes26@example.com,(92) 4221-1590,joa4jo.moraes,Roraima
https://avatars.githubusercontent.com/u/90622568,Sr. Jo√£o Macedo,Arquiteto,joa4jo_macedo@example.com,(26) 91585-4301,joa4jo_macedo55,EspÌrito Santo
https://cloudflare-ipfs.com/ipfs/Qmd3W5DuhgHirLHGVixi6V76LhCkZUz6pnFt5AJBiyvHye/avatar/5.jpg,Leonardo Souza,Executivo,leonardo.souza4@example.org,(74) 49648-8763,leonardo.souza19,S„o Paulo
https://avatars.githubusercontent.com/u/72379485,Leonardo Nogueira,Desenvolvedor,leonardo.nogueira86@example.org,+55 (35) 2053-4491,leonardo.nogueira38,PiauÌ
https://avatars.githubusercontent.com/u/8709298,Leonardo Souza,Coordenador,leonardo.souza65@example.net,(46) 27267-5254,leonardo.souza49,Distrito Federal
https://avatars.githubusercontent.com/u/21170737,Leonardo Melo,Estrategista,leonardo.melo13@example.org,(86) 16861-1783,leonardo.melo,Distrito Federal
https://avatars.githubusercontent.com/u/13493291,Leonardo Melo,Assistente,leonardo_melo@example.com,+55 (37) 2852-1207,leonardo.melo48,Mato Grosso do Sul
https://cloudflare-ipfs.com/ipfs/Qmd3W5DuhgHirLHGVixi6V76LhCkZUz6pnFt5AJBiyvHye/avatar/1208.jpg,Leonardo Moreira,Representante,leonardo_moreira@example.com,(58) 15102-4572,leonardo.moreira71,Pernambuco
https://cloudflare-ipfs.com/ipfs/Qmd3W5DuhgHirLHGVixi6V76LhCkZUz6pnFt5AJBiyvHye/avatar/1170.jpg,Leonardo Barros,Associado,leonardo_barros64@example.net,(40) 6214-5943,leonardo.barros,Cear·
https://avatars.githubusercontent.com/u/60603635,Leonardo Batista,Produtor,leonardo_batista@example.com,+55 (39) 2377-3148,leonardo_batista81,Distrito Federal
https://cloudflare-ipfs.com/ipfs/Qmd3W5DuhgHirLHGVixi6V76LhCkZUz6pnFt5AJBiyvHye/avatar/593.jpg,Leonardo Barros,Arquiteto,leonardo.barros78@example.com,(49) 7842-7455,leonardo.barros87,Amazonas
https://cloudflare-ipfs.com/ipfs/Qmd3W5DuhgHirLHGVixi6V76LhCkZUz6pnFt5AJBiyvHye/avatar/1045.jpg,Leonardo Batista,Especialista,leonardo_batista23@example.net,+55 (78) 6808-0118,leonardo.batista,Alagoas
https://avatars.githubusercontent.com/u/47422989,Talita Souza,Engenheiro,talita.souza@example.com,+55 (55) 5294-4642,talita_souza85,Goi·s
https://avatars.githubusercontent.com/u/73847568,Sra. Talita Reis,Coordenador,talita.reis65@example.org,(19) 44026-5888,talita_reis17,Par·
https://avatars.githubusercontent.com/u/27357107,Talita Costa,Associado,talita_costa86@example.net,+55 (35) 6750-0808,talita_costa20,S„o Paulo
https://cloudflare-ipfs.com/ipfs/Qmd3W5DuhgHirLHGVixi6V76LhCkZUz6pnFt5AJBiyvHye/avatar/364.jpg,Srta. Talita Batista,Produtor,talita.batista20@example.net,(38) 73749-8558,talita.batista64,Alagoas
https://cloudflare-ipfs.com/ipfs/Qmd3W5DuhgHirLHGVixi6V76LhCkZUz6pnFt5AJBiyvHye/avatar/1053.jpg,Talita Barros,TÈcnico,talita.barros85@example.net,(94) 8570-4313,talita_barros6,Paran·
https://cloudflare-ipfs.com/ipfs/Qmd3W5DuhgHirLHGVixi6V76LhCkZUz6pnFt5AJBiyvHye/avatar/746.jpg,Talita Nogueira,Desenvolvedor,talita_nogueira51@example.com,(80) 57165-8505,talita.nogueira,Maranh„o
https://cloudflare-ipfs.com/ipfs/Qmd3W5DuhgHirLHGVixi6V76LhCkZUz6pnFt5AJBiyvHye/avatar/908.jpg,Talita Souza,Atentende,talita_souza@example.org,+55 (58) 4682-7179,talita_souza18,Amazonas
https://avatars.githubusercontent.com/u/45081170,Talita Barros,Policial,talita_barros@example.net,(70) 97622-1615,talita_barros0,Maranh„o
https://cloudflare-ipfs.com/ipfs/Qmd3W5DuhgHirLHGVixi6V76LhCkZUz6pnFt5AJBiyvHye/avatar/586.jpg,Talita Braga,Gerente,talita_braga72@example.com,+55 (23) 9938-9843,talita.braga32,EspÌrito Santo
https://avatars.githubusercontent.com/u/18563132,Talita Nogueira,Representante,talita_nogueira16@example.org,(84) 85591-5828,talita.nogueira,Santa Catarina
https://avatars.githubusercontent.com/u/77563195,Rafael Souza,Gerente,rafael_souza@example.org,+55 (25) 8982-4318,rafael.souza,Alagoas
https://cloudflare-ipfs.com/ipfs/Qmd3W5DuhgHirLHGVixi6V76LhCkZUz6pnFt5AJBiyvHye/avatar/475.jpg,Rafael Carvalho,Especialista,rafael_carvalho41@example.net,+55 (91) 5278-9588,rafael.carvalho,Mato Grosso
https://cloudflare-ipfs.com/ipfs/Qmd3W5DuhgHirLHGVixi6V76LhCkZUz6pnFt5AJBiyvHye/avatar/110.jpg,Rafael Souza,Analista,rafael.souza@example.com,(45) 88366-7843,rafael.souza,Santa Catarina
https://avatars.githubusercontent.com/u/55508471,Rafael Moreira,Desenvolvedor,rafael_moreira16@example.org,(34) 77401-9259,rafael_moreira,Amazonas
https://avatars.githubusercontent.com/u/34239764,Rafael Franco,Associado,rafael_franco@example.com,+55 (95) 6755-8065,rafael.franco,Sergipe
https://cloudflare-ipfs.com/ipfs/Qmd3W5DuhgHirLHGVixi6V76LhCkZUz6pnFt5AJBiyvHye/avatar/560.jpg,Rafael Moraes,Desenvolvedor,rafael.moraes44@example.com,(09) 15929-9678,rafael_moraes61,Mato Grosso
https://cloudflare-ipfs.com/ipfs/Qmd3W5DuhgHirLHGVixi6V76LhCkZUz6pnFt5AJBiyvHye/avatar/834.jpg,Rafael Santos,Coordenador,rafael.santos@example.org,+55 (62) 0851-2750,rafael_santos,Par·
https://avatars.githubusercontent.com/u/44229348,Rafael Melo,Executivo,rafael.melo64@example.net,(84) 1482-8147,rafael_melo,Amap·
https://cloudflare-ipfs.com/ipfs/Qmd3W5DuhgHirLHGVixi6V76LhCkZUz6pnFt5AJBiyvHye/avatar/147.jpg,Rafael Saraiva,Arquiteto,rafael_saraiva@example.com,(39) 7445-9602,rafael_saraiva88,Maranh„o
https://cloudflare-ipfs.com/ipfs/Qmd3W5DuhgHirLHGVixi6V76LhCkZUz6pnFt5AJBiyvHye/avatar/697.jpg,Rafael Moraes,Arquiteto,rafael.moraes@example.com,(45) 6436-8553,rafael.moraes67,PiauÌ
